file,p(neg),p(pos),x,y,r
seattle/a/Seattle_1919_vol6_99G.jpg,4.251124119392102e-09,0.9999999957488759,262,880,29
seattle/a/Seattle_1919_vol6_99G.jpg,0.9999894813592197,1.0518640780250978e-05,246,962,47
